{"cameraMode":{"drawMode":0,"name":"Shaded","section":"Shading Mode"},"sceneLighting":false,"audioPlay":false,"sceneViewState":{"m_AlwaysRefresh":false,"showFog":true,"showSkybox":false,"showFlares":true,"showImageEffects":true,"showParticleSystems":true,"showVisualEffectGraphs":true,"m_FxEnabled":true},"in2DMode":false,"pivot":{"x":0.1705467700958252,"y":1.381777048110962,"z":1.0634955167770386},"rotation":{"x":0.012046191841363907,"y":-0.9897207617759705,"z":0.10686349868774414,"w":0.09668988734483719},"size":0.6592857241630554,"orthographic":false}