{"cameraMode":{"drawMode":0,"name":"Shaded","section":"Shading Mode"},"sceneLighting":false,"audioPlay":false,"sceneViewState":{"m_AlwaysRefresh":false,"showFog":true,"showSkybox":false,"showFlares":true,"showImageEffects":true,"showParticleSystems":true,"showVisualEffectGraphs":true,"m_FxEnabled":true},"in2DMode":false,"pivot":{"x":-0.13000011444091798,"y":12.560001373291016,"z":-14.970002174377442},"rotation":{"x":-0.0027155380230396988,"y":-0.9740663170814514,"z":0.22633349895477296,"w":-0.012065439485013485},"size":21.814626693725587,"orthographic":false}