{"cameraMode":{"drawMode":0,"name":"Shaded","section":"Shading Mode"},"sceneLighting":false,"audioPlay":false,"sceneViewState":{"m_AlwaysRefresh":false,"showFog":true,"showSkybox":false,"showFlares":true,"showImageEffects":true,"showParticleSystems":true,"showVisualEffectGraphs":true,"m_FxEnabled":true},"in2DMode":false,"pivot":{"x":3.3959603309631349,"y":0.330520361661911,"z":-14.324283599853516},"rotation":{"x":0.026377858594059945,"y":-0.8209286332130432,"z":-0.03790616989135742,"w":-0.5693271160125732},"size":1.0514806509017945,"orthographic":false}